Low,Medium,High
0.17131474103585656,0.6294820717131474,0.199203187250996
0.14321608040201006,0.6532663316582915,0.20351758793969849
