Low,Medium,High
0.2119205298013245,0.6622516556291391,0.12582781456953643
0.13654618473895583,0.6385542168674698,0.2248995983935743
