Metric,Value
Accuracy,0.8846153846153846
Macro F1,0.8408423215202877
Weighted F1,0.8792831575204456
