Early,Mid-term
0.510613499975202,0.787919896640827
0.3154228855721393,0.8408423215202877
0.5023961792317468,0.8406485303037027
