Low,Medium,High
0.15834767641996558,0.6196213425129088,0.22203098106712565
0.11764705882352941,0.8529411764705882,0.029411764705882353
